city,state
Abilene, TX
Akron, OH
Albany, GA
Albany, OR
Albany-Schenectady-Troy, NY
Albuquerque, NM
Alexandria, LA
Allentown-Bethlehem-Easton, PA-NJ
Altoona, PA
Amarillo, TX
Ames, IA
Anchorage, AK
Ann Arbor, MI
Anniston-Oxford-Jacksonville, AL
Appleton, WI
Asheville, NC
Athens-Clarke County, GA
Atlanta-Sandy Springs-Roswell, GA
Atlantic City-Hammonton, NJ
Auburn-Opelika, AL
Augusta-Richmond County, GA-SC
Austin-Round Rock, TX
Bakersfield, CA
Baltimore-Columbia-Towson, MD
Bangor, ME
Barnstable Town, MA
Baton Rouge, LA
Battle Creek, MI
Bay City, MI
Beaumont-Port Arthur, TX
Beckley, WV
Bellingham, WA
Bend-Redmond, OR
Billings, MT
Binghamton, NY
Birmingham-Hoover, AL
Bismarck, ND
Blacksburg-Christiansburg-Radford, VA
Bloomington, IL
Bloomington, IN
Bloomsburg-Berwick, PA
Boise City, ID
Boston-Cambridge-Newton, MA-NH
Boulder, CO
Bowling Green, KY
Bremerton-Silverdale, WA
Bridgeport-Stamford-Norwalk, CT
Brownsville-Harlingen, TX
Brunswick, GA
Buffalo-Cheektowaga-Niagara Falls, NY
Burlington, NC
Burlington-South Burlington, VT
California-Lexington Park, MD
Canton-Massillon, OH
Cape Coral-Fort Myers, FL
Cape Girardeau, MO-IL
Carbondale-Marion, IL
Carson City, NV
Casper, WY
Cedar Rapids, IA
Chambersburg-Waynesboro, PA
Champaign-Urbana, IL
Charleston, WV
Charleston-North Charleston, SC
Charlotte-Concord-Gastonia, NC-SC
Charlottesville, VA
Chattanooga, TN-GA
Cheyenne, WY
Chicago-Naperville-Elgin, IL-IN-WI
Chico, CA
Cincinnati, OH-KY-IN
Clarksville, TN-KY
Cleveland, TN
Cleveland-Elyria, OH
Coeur d'Alene, ID
College Station-Bryan, TX
Colorado Springs, CO
Columbia, MO
Columbia, SC
Columbus, GA-AL
Columbus, IN
Columbus, OH
Corpus Christi, TX
Corvallis, OR
Crestview-Fort Walton Beach-Destin, FL
Cumberland, MD-WV
Dallas-Fort Worth-Arlington, TX
Dalton, GA
Danville, IL
Daphne-Fairhope-Foley, AL
Davenport-Moline-Rock Island, IA-IL
Dayton, OH
Decatur, AL
Decatur, IL
Deltona-Daytona Beach-Ormond Beach, FL
Denver-Aurora-Lakewood, CO
Des Moines-West Des Moines, IA
Detroit-Warren-Dearborn, MI
Dothan, AL
Dover, DE
Dubuque, IA
Duluth, MN-WI
Durham-Chapel Hill, NC
East Stroudsburg, PA
Eau Claire, WI
El Centro, CA
Elizabethtown-Fort Knox, KY
Elkhart-Goshen, IN
Elmira, NY
El Paso, TX
Erie, PA
Eugene, OR
Evansville, IN-KY
Fairbanks, AK
Fargo, ND-MN
Farmington, NM
Fayetteville, NC
Fayetteville-Springdale-Rogers, AR-MO
Flagstaff, AZ
Flint, MI
Florence, SC
Florence-Muscle Shoals, AL
Fond du Lac, WI
Fort Collins, CO
Fort Smith, AR-OK
Fort Wayne, IN
Fresno, CA
Gadsden, AL
Gainesville, FL
Gainesville, GA
Gettysburg, PA
Glens Falls, NY
Goldsboro, NC
Grand Forks, ND-MN
Grand Island, NE
Grand Junction, CO
Grand Rapids-Wyoming, MI
Grants Pass, OR
Great Falls, MT
Greeley, CO
Green Bay, WI
Greensboro-High Point, NC
Greenville, NC
Greenville-Anderson-Mauldin, SC
Gulfport-Biloxi-Pascagoula, MS
Hagerstown-Martinsburg, MD-WV
Hammond, LA
Hanford-Corcoran, CA
Harrisburg-Carlisle, PA
Harrisonburg, VA
Hartford-West Hartford-East Hartford, CT
Hattiesburg, MS
Hickory-Lenoir-Morganton, NC
Hilton Head Island-Bluffton-Beaufort, SC
Hinesville, GA
Homosassa Springs, FL
Hot Springs, AR
Houma-Thibodaux, LA
Houston-The Woodlands-Sugar Land, TX
Huntington-Ashland, WV-KY-OH
Huntsville, AL
Idaho Falls, ID
Indianapolis-Carmel-Anderson, IN
Iowa City, IA
Ithaca, NY
Jackson, MI
Jackson, MS
Jackson, TN
Jacksonville, FL
Jacksonville, NC
Janesville-Beloit, WI
Jefferson City, MO
Johnson City, TN
Johnstown, PA
Jonesboro, AR
Joplin, MO
Kahului-Wailuku-Lahaina, HI
Kalamazoo-Portage, MI
Kankakee, IL
Kansas City, MO-KS
Kennewick-Richland, WA
Killeen-Temple, TX
Kingsport-Bristol-Bristol, TN-VA
Kingston, NY
Knoxville, TN
Kokomo, IN
La Crosse-Onalaska, WI-MN
Lafayette, LA
Lafayette-West Lafayette, IN
Lake Charles, LA
Lake Havasu City-Kingman, AZ
Lakeland-Winter Haven, FL
Lancaster, PA
Lansing-East Lansing, MI
Laredo, TX
Las Cruces, NM
Las Vegas-Henderson-Paradise, NV
Lawrence, KS
Lawton, OK
Lebanon, PA
Lewiston, ID-WA
Lewiston-Auburn, ME
Lexington-Fayette, KY
Lima, OH
Lincoln, NE
Little Rock-North Little Rock-Conway, AR
Logan, UT-ID
Longview, TX
Longview, WA
Los Angeles-Long Beach-Anaheim, CA
Louisville/Jefferson County, KY-IN
Lubbock, TX
Lynchburg, VA
Macon, GA
Madera, CA
Madison, WI
Manchester-Nashua, NH
Manhattan, KS
Mankato-North Mankato, MN
Mansfield, OH
McAllen-Edinburg-Mission, TX
Medford, OR
Memphis, TN-MS-AR
Merced, CA
Miami-Fort Lauderdale-West Palm Beach, FL
Michigan City-La Porte, IN
Midland, MI
Midland, TX
Milwaukee-Waukesha-West Allis, WI
Minneapolis-St. Paul-Bloomington, MN-WI
Missoula, MT
Mobile, AL
Modesto, CA
Monroe, LA
Monroe, MI
Montgomery, AL
Morgantown, WV
Morristown, TN
Mount Vernon-Anacortes, WA
Muncie, IN
Muskegon, MI
Myrtle Beach-Conway-North Myrtle Beach, SC-NC
Napa, CA
Naples-Immokalee-Marco Island, FL
Nashville-Davidson--Murfreesboro--Franklin, TN
New Bern, NC
New Haven-Milford, CT
New Orleans-Metairie, LA
New York-Newark-Jersey City, NY-NJ-PA
Niles-Benton Harbor, MI
North Port-Sarasota-Bradenton, FL
Norwich-New London, CT
Ocala, FL
Ocean City, NJ
Odessa, TX
Ogden-Clearfield, UT
Oklahoma City, OK
Olympia-Tumwater, WA
Omaha-Council Bluffs, NE-IA
Orlando-Kissimmee-Sanford, FL
Oshkosh-Neenah, WI
Owensboro, KY
Oxnard-Thousand Oaks-Ventura, CA
Palm Bay-Melbourne-Titusville, FL
Panama City, FL
Parkersburg-Vienna, WV
Pensacola-Ferry Pass-Brent, FL
Peoria, IL
Philadelphia-Camden-Wilmington, PA-NJ-DE-MD
Phoenix-Mesa-Scottsdale, AZ
Pine Bluff, AR
Pittsburgh, PA
Pittsfield, MA
Pocatello, ID
Portland-South Portland, ME
Portland-Vancouver-Hillsboro, OR-WA
Port St. Lucie, FL
Prescott, AZ
Providence-Warwick, RI-MA
Provo-Orem, UT
Pueblo, CO
Punta Gorda, FL
Racine, WI
Raleigh, NC
Rapid City, SD
Reading, PA
Redding, CA
Reno, NV
Richmond, VA
Riverside-San Bernardino-Ontario, CA
Roanoke, VA
Rochester, MN
Rochester, NY
Rockford, IL
Rocky Mount, NC
Rome, GA
Sacramento--Roseville--Arden-Arcade, CA
Saginaw, MI
St. Cloud, MN
St. George, UT
St. Joseph, MO-KS
St. Louis, MO-IL
Salem, OR
Salinas, CA
Salisbury, MD-DE
Salt Lake City, UT
San Angelo, TX
San Antonio-New Braunfels, TX
San Diego-Carlsbad, CA
San Francisco-Oakland-Hayward, CA
San Jose-Sunnyvale-Santa Clara, CA
San Luis Obispo-Paso Robles-Arroyo Grande, CA
Santa Cruz-Watsonville, CA
Santa Fe, NM
Santa Maria-Santa Barbara, CA
Santa Rosa, CA
Savannah, GA
Scranton--Wilkes-Barre--Hazleton, PA
Seattle-Tacoma-Bellevue, WA
Sebastian-Vero Beach, FL
Sebring, FL
Sheboygan, WI
Sherman-Denison, TX
Shreveport-Bossier City, LA
Sierra Vista-Douglas, AZ
Sioux City, IA-NE-SD
Sioux Falls, SD
South Bend-Mishawaka, IN-MI
Spartanburg, SC
Spokane-Spokane Valley, WA
Springfield, IL
Springfield, MA
Springfield, MO
Springfield, OH
State College, PA
Staunton-Waynesboro, VA
Stockton-Lodi, CA
Sumter, SC
Syracuse, NY
Tallahassee, FL
Tampa-St. Petersburg-Clearwater, FL
Terre Haute, IN
Texarkana, TX-AR
The Villages, FL
Toledo, OH
Topeka, KS
Trenton, NJ
Tucson, AZ
Tulsa, OK
Tuscaloosa, AL
Tyler, TX
Urban Honolulu, HI
Utica-Rome, NY
Valdosta, GA
Vallejo-Fairfield, CA
Victoria, TX
Vineland-Bridgeton, NJ
Virginia Beach-Norfolk-Newport News, VA-NC
Visalia-Porterville, CA
Waco, TX
Walla Walla, WA
Warner Robins, GA
Washington-Arlington-Alexandria, DC-VA-MD-WV
Waterloo-Cedar Falls, IA
Watertown-Fort Drum, NY
Wausau, WI
Weirton-Steubenville, WV-OH
Wenatchee, WA
Wheeling, WV-OH
Wichita, KS
Wichita Falls, TX
Williamsport, PA
Wilmington, NC
Winchester, VA-WV
Winston-Salem, NC
Worcester, MA-CT
Yakima, WA
York-Hanover, PA
Youngstown-Warren-Boardman, OH-PA
Yuba City, CA
Yuma, AZ
Aberdeen, SD
Aberdeen, WA
Ada, OK
Adrian, MI
Alamogordo, NM
Albemarle, NC
Albert Lea, MN
Albertville, AL
Alexandria, MN
Alice, TX
Alma, MI
Alpena, MI
Altus, OK
Americus, GA
Amsterdam, NY
Andrews, TX
Angola, IN
Arcadia, FL
Ardmore, OK
Arkadelphia, AR
Arkansas City-Winfield, KS
Ashland, OH
Ashtabula, OH
Astoria, OR
Atchison, KS
Athens, OH
Athens, TN
Athens, TX
Auburn, IN
Auburn, NY
Augusta-Waterville, ME
Austin, MN
Bainbridge, GA
Baraboo, WI
Bardstown, KY
Barre, VT
Bartlesville, OK
Bastrop, LA
Batavia, NY
Batesville, AR
Bay City, TX
Beatrice, NE
Beaver Dam, WI
Bedford, IN
Beeville, TX
Bellefontaine, OH
Bemidji, MN
Bennettsville, SC
Bennington, VT
Berlin, NH-VT
Big Rapids, MI
Big Spring, TX
Big Stone Gap, VA
Blackfoot, ID
Bluefield, WV-VA
Blytheville, AR
Bogalusa, LA
Boone, IA
Boone, NC
Borger, TX
Bozeman, MT
Bradford, PA
Brainerd, MN
Branson, MO
Breckenridge, CO
Brenham, TX
Brevard, NC
Brookhaven, MS
Brookings, OR
Brookings, SD
Brownwood, TX
Bucyrus, OH
Burley, ID
Burlington, IA-IL
Butte-Silver Bow, MT
Cadillac, MI
Calhoun, GA
Cambridge, MD
Cambridge, OH
Camden, AR
Campbellsville, KY
CaÒon City, CO
Canton, IL
Carlsbad-Artesia, NM
Cedar City, UT
Cedartown, GA
Celina, OH
Centralia, IL
Centralia, WA
Charleston-Mattoon, IL
Chillicothe, OH
Claremont-Lebanon, NH-VT
Clarksburg, WV
Clarksdale, MS
Clearlake, CA
Cleveland, MS
Clewiston, FL
Clinton, IA
Clovis, NM
Coffeyville, KS
Coldwater, MI
Columbus, MS
Columbus, NE
Concord, NH
Connersville, IN
Cookeville, TN
Coos Bay, OR
Cordele, GA
Corinth, MS
Cornelia, GA
Corning, NY
Corsicana, TX
Cortland, NY
Coshocton, OH
Craig, CO
Crawfordsville, IN
Crescent City, CA
Crossville, TN
Cullman, AL
Cullowhee, NC
Danville, KY
Danville, VA
Dayton, TN
Decatur, IN
Defiance, OH
Del Rio, TX
Deming, NM
DeRidder, LA
Dickinson, ND
Dixon, IL
Dodge City, KS
Douglas, GA
Dublin, GA
DuBois, PA
Dumas, TX
Duncan, OK
Dunn, NC
Durango, CO
Durant, OK
Dyersburg, TN
Eagle Pass, TX
Easton, MD
Edwards, CO
Effingham, IL
El Campo, TX
El Dorado, AR
Elizabeth City, NC
Elk City, OK
Elkins, WV
Elko, NV
Ellensburg, WA
Emporia, KS
Enid, OK
Enterprise, AL
Escanaba, MI
EspaÒola, NM
Eureka-Arcata-Fortuna, CA
Evanston, WY
Fairfield, IA
Fairmont, WV
Fallon, NV
Faribault-Northfield, MN
Farmington, MO
Fergus Falls, MN
Fernley, NV
Findlay, OH
Fitzgerald, GA
Forest City, NC
Forrest City, AR
Fort Dodge, IA
Fort Leonard Wood, MO
Fort Madison-Keokuk, IA-IL-MO
Fort Morgan, CO
Fort Polk South, LA
Frankfort, IN
Frankfort, KY
Fredericksburg, TX
Freeport, IL
Fremont, NE
Fremont, OH
Gaffney, SC
Gainesville, TX
Galesburg, IL
Gallup, NM
Garden City, KS
Gardnerville Ranchos, NV
Georgetown, SC
Gillette, WY
Glasgow, KY
Glenwood Springs, CO
Gloversville, NY
Grants, NM
Great Bend, KS
Greeneville, TN
Greenfield Town, MA
Greensburg, IN
Greenville, MS
Greenville, OH
Greenwood, MS
Greenwood, SC
Grenada, MS
Guymon, OK
Hailey, ID
Hannibal, MO
Harrison, AR
Hastings, NE
Hays, KS
Heber, UT
Helena, MT
Helena-West Helena, AR
Henderson, NC
Hereford, TX
Hermiston-Pendleton, OR
Hillsdale, MI
Hilo, HI
Hobbs, NM
Holland, MI
Hood River, OR
Houghton, MI
Hudson, NY
Huntingdon, PA
Huntington, IN
Huntsville, TX
Huron, SD
Hutchinson, KS
Hutchinson, MN
Indiana, PA
Indianola, MS
Ionia, MI
Iron Mountain, MI-WI
Jackson, OH
Jackson, WY-ID
Jacksonville, IL
Jacksonville, TX
Jamestown, ND
Jamestown-Dunkirk-Fredonia, NY
Jasper, IN
Jefferson, GA
Jesup, GA
Junction City, KS
Juneau, AK
Kalispell, MT
Kapaa, HI
Kearney, NE
Keene, NH
Kendallville, IN
Kennett, MO
Kerrville, TX
Ketchikan, AK
Key West, FL
Kill Devil Hills, NC
Kingsville, TX
Kinston, NC
Kirksville, MO
Klamath Falls, OR
Laconia, NH
La Grande, OR
LaGrange, GA
Lake City, FL
Lamesa, TX
Laramie, WY
Las Vegas, NM
Laurel, MS
Laurinburg, NC
Lawrenceburg, TN
Lebanon, MO
Levelland, TX
Lewisburg, PA
Lewisburg, TN
Lewistown, PA
Lexington, NE
Liberal, KS
Lincoln, IL
Lock Haven, PA
Logan, WV
Logansport, IN
London, KY
Los Alamos, NM
Ludington, MI
Lufkin, TX
Lumberton, NC
Macomb, IL
Madison, IN
Madisonville, KY
Magnolia, AR
Malone, NY
Malvern, AR
Manitowoc, WI
Marietta, OH
Marinette, WI-MI
Marion, IN
Marion, NC
Marion, OH
Marquette, MI
Marshall, MN
Marshall, MO
Marshall, TX
Marshalltown, IA
Martin, TN
Martinsville, VA
Maryville, MO
Mason City, IA
Mayfield, KY
Maysville, KY
McAlester, OK
McComb, MS
McMinnville, TN
McPherson, KS
Meadville, PA
Menomonie, WI
Meridian, MS
Merrill, WI
Mexico, MO
Miami, OK
Middlesborough, KY
Milledgeville, GA
Mineral Wells, TX
Minot, ND
Mitchell, SD
Moberly, MO
Montrose, CO
Morehead City, NC
Morgan City, LA
Moscow, ID
Moses Lake, WA
Moultrie, GA
Mountain Home, AR
Mountain Home, ID
Mount Airy, NC
Mount Pleasant, MI
Mount Pleasant, TX
Mount Sterling, KY
Mount Vernon, IL
Mount Vernon, OH
Murray, KY
Muscatine, IA
Muskogee, OK
Nacogdoches, TX
Natchez, MS-LA
Natchitoches, LA
Newberry, SC
New Castle, IN
New Castle, PA
New Philadelphia-Dover, OH
Newport, OR
Newport, TN
Newton, IA
New Ulm, MN
Nogales, AZ
Norfolk, NE
North Platte, NE
North Vernon, IN
North Wilkesboro, NC
Norwalk, OH
Oak Harbor, WA
Ogdensburg-Massena, NY
Oil City, PA
Okeechobee, FL
Olean, NY
Oneonta, NY
Ontario, OR-ID
Opelousas, LA
Orangeburg, SC
Oskaloosa, IA
Othello, WA
Ottawa, KS
Ottawa-Peru, IL
Ottumwa, IA
Owatonna, MN
Owosso, MI
Oxford, MS
Oxford, NC
Ozark, AL
Paducah, KY-IL
Pahrump, NV
Palatka, FL
Palestine, TX
Pampa, TX
Paragould, AR
Paris, TN
Paris, TX
Parsons, KS
Payson, AZ
Pecos, TX
Peru, IN
Picayune, MS
Pierre, SD
Pinehurst-Southern Pines, NC
Pittsburg, KS
Plainview, TX
Platteville, WI
Plattsburgh, NY
Plymouth, IN
Point Pleasant, WV-OH
Ponca City, OK
Pontiac, IL
Poplar Bluff, MO
Portales, NM
Port Angeles, WA
Port Clinton, OH
Port Lavaca, TX
Portsmouth, OH
Pottsville, PA
Price, UT
Prineville, OR
Pullman, WA
Quincy, IL-MO
Raymondville, TX
Red Bluff, CA
Red Wing, MN
Rexburg, ID
Richmond, IN
Richmond-Berea, KY
Rio Grande City, TX
Riverton, WY
Roanoke Rapids, NC
Rochelle, IL
Rockingham, NC
Rock Springs, WY
Rolla, MO
Roseburg, OR
Roswell, NM
Russellville, AR
Ruston, LA
Rutland, VT
Safford, AZ
St. Marys, GA
Salem, OH
Salina, KS
Sandpoint, ID
Sandusky, OH
Sanford, NC
Sault Ste. Marie, MI
Sayre, PA
Scottsbluff, NE
Scottsboro, AL
Searcy, AR
Sedalia, MO
Selinsgrove, PA
Selma, AL
Seneca, SC
Seneca Falls, NY
Sevierville, TN
Seymour, IN
Shawano, WI
Shawnee, OK
Shelby, NC
Shelbyville, TN
Shelton, WA
Sheridan, WY
Show Low, AZ
Sidney, OH
Sikeston, MO
Silver City, NM
Snyder, TX
Somerset, KY
Somerset, PA
Sonora, CA
Spearfish, SD
Spencer, IA
Spirit Lake, IA
Starkville, MS
Statesboro, GA
Steamboat Springs, CO
Stephenville, TX
Sterling, CO
Sterling, IL
Stevens Point, WI
Stillwater, OK
Storm Lake, IA
Sturgis, MI
Sulphur Springs, TX
Summerville, GA
Summit Park, UT
Sunbury, PA
Susanville, CA
Sweetwater, TX
Tahlequah, OK
Talladega-Sylacauga, AL
Taos, NM
Taylorville, IL
The Dalles, OR
Thomaston, GA
Thomasville, GA
Tiffin, OH
Tifton, GA
Toccoa, GA
Torrington, CT
Traverse City, MI
Troy, AL
Truckee-Grass Valley, CA
Tullahoma-Manchester, TN
Tupelo, MS
Twin Falls, ID
Ukiah, CA
Union City, TN-KY
Urbana, OH
Uvalde, TX
Valley, AL
Van Wert, OH
Vermillion, SD
Vernal, UT
Vernon, TX
Vicksburg, MS
Vidalia, GA
Vincennes, IN
Vineyard Haven, MA
Wabash, IN
Wahpeton, ND-MN
Wapakoneta, OH
Warren, PA
Warrensburg, MO
Warsaw, IN
Washington, IN
Washington, NC
Washington Court House, OH
Watertown, SD
Watertown-Fort Atkinson, WI
Wauchula, FL
Waycross, GA
Weatherford, OK
West Plains, MO
Whitewater-Elkhorn, WI
Williston, ND
Willmar, MN
Wilmington, OH
Wilson, NC
Winnemucca, NV
Winona, MN
Wisconsin Rapids-Marshfield, WI
Woodward, OK
Wooster, OH
Worthington, MN
Yankton, SD
Zanesville, OH
Zapata, TX
